,data,feriado
0,2001-01-01,Confraternização Universal
1,2001-02-26,Carnaval
2,2001-02-27,Carnaval
3,2001-04-13,Paixão de Cristo
4,2001-04-21,Tiradentes
5,2001-05-01,Dia do Trabalho
6,2001-06-14,Corpus Christi
7,2001-09-07,Independência do Brasil
8,2001-10-12,Nossa Sr.a Aparecida - Padroeira do Brasil
9,2001-11-02,Finados
10,2001-11-15,Proclamação da República
11,2001-12-25,Natal
12,2002-01-01,Confraternização Universal
13,2002-02-11,Carnaval
14,2002-02-12,Carnaval
15,2002-03-29,Paixão de Cristo
16,2002-04-21,Tiradentes
17,2002-05-01,Dia do Trabalho
18,2002-05-30,Corpus Christi
19,2002-09-07,Independência do Brasil
20,2002-10-12,Nossa Sr.a Aparecida - Padroeira do Brasil
21,2002-11-02,Finados
22,2002-11-15,Proclamação da República
23,2002-12-25,Natal
24,2003-01-01,Confraternização Universal
25,2003-03-03,Carnaval
26,2003-03-04,Carnaval
27,2003-04-18,Paixão de Cristo
28,2003-04-21,Tiradentes
29,2003-05-01,Dia do Trabalho
30,2003-06-19,Corpus Christi
31,2003-09-07,Independência do Brasil
32,2003-10-12,Nossa Sr.a Aparecida - Padroeira do Brasil
33,2003-11-02,Finados
34,2003-11-15,Proclamação da República
35,2003-12-25,Natal
36,2004-01-01,Confraternização Universal
37,2004-02-23,Carnaval
38,2004-02-24,Carnaval
39,2004-04-09,Paixão de Cristo
40,2004-04-21,Tiradentes
41,2004-05-01,Dia do Trabalho
42,2004-06-10,Corpus Christi
43,2004-09-07,Independência do Brasil
44,2004-10-12,Nossa Sr.a Aparecida - Padroeira do Brasil
45,2004-11-02,Finados
46,2004-11-15,Proclamação da República
47,2004-12-25,Natal
48,2005-01-01,Confraternização Universal
49,2005-02-07,Carnaval
50,2005-02-08,Carnaval
51,2005-03-25,Paixão de Cristo
52,2005-04-21,Tiradentes
53,2005-05-01,Dia do Trabalho
54,2005-05-26,Corpus Christi
55,2005-09-07,Independência do Brasil
56,2005-10-12,Nossa Sr.a Aparecida - Padroeira do Brasil
57,2005-11-02,Finados
58,2005-11-15,Proclamação da República
59,2005-12-25,Natal
60,2006-01-01,Confraternização Universal
61,2006-02-27,Carnaval
62,2006-02-28,Carnaval
63,2006-04-14,Paixão de Cristo
64,2006-04-21,Tiradentes
65,2006-05-01,Dia do Trabalho
66,2006-06-15,Corpus Christi
67,2006-09-07,Independência do Brasil
68,2006-10-12,Nossa Sr.a Aparecida - Padroeira do Brasil
69,2006-11-02,Finados
70,2006-11-15,Proclamação da República
71,2006-12-25,Natal
72,2007-01-01,Confraternização Universal
73,2007-02-19,Carnaval
74,2007-02-20,Carnaval
75,2007-04-06,Paixão de Cristo
76,2007-04-21,Tiradentes
77,2007-05-01,Dia do Trabalho
78,2007-06-07,Corpus Christi
79,2007-09-07,Independência do Brasil
80,2007-10-12,Nossa Sr.a Aparecida - Padroeira do Brasil
81,2007-11-02,Finados
82,2007-11-15,Proclamação da República
83,2007-12-25,Natal
84,2008-01-01,Confraternização Universal
85,2008-02-04,Carnaval
86,2008-02-05,Carnaval
87,2008-03-21,Paixão de Cristo
88,2008-04-21,Tiradentes
89,2008-05-01,Dia do Trabalho
90,2008-05-22,Corpus Christi
91,2008-09-07,Independência do Brasil
92,2008-10-12,Nossa Sr.a Aparecida - Padroeira do Brasil
93,2008-11-02,Finados
94,2008-11-15,Proclamação da República
95,2008-12-25,Natal
96,2009-01-01,Confraternização Universal
97,2009-02-23,Carnaval
98,2009-02-24,Carnaval
99,2009-04-10,Paixão de Cristo
100,2009-04-21,Tiradentes
101,2009-05-01,Dia do Trabalho
102,2009-06-11,Corpus Christi
103,2009-09-07,Independência do Brasil
104,2009-10-12,Nossa Sr.a Aparecida - Padroeira do Brasil
105,2009-11-02,Finados
106,2009-11-15,Proclamação da República
107,2009-12-25,Natal
108,2010-01-01,Confraternização Universal
109,2010-02-15,Carnaval
110,2010-02-16,Carnaval
111,2010-04-02,Paixão de Cristo
112,2010-04-21,Tiradentes
113,2010-05-01,Dia do Trabalho
114,2010-06-03,Corpus Christi
115,2010-09-07,Independência do Brasil
116,2010-10-12,Nossa Sr.a Aparecida - Padroeira do Brasil
117,2010-11-02,Finados
118,2010-11-15,Proclamação da República
119,2010-12-25,Natal
120,2011-01-01,Confraternização Universal
121,2011-03-07,Carnaval
122,2011-03-08,Carnaval
123,2011-04-21,Paixão de Cristo
124,2011-04-22,Tiradentes
125,2011-05-01,Dia do Trabalho
126,2011-06-23,Corpus Christi
127,2011-09-07,Independência do Brasil
128,2011-10-12,Nossa Sr.a Aparecida - Padroeira do Brasil
129,2011-11-02,Finados
130,2011-11-15,Proclamação da República
131,2011-12-25,Natal
132,2012-01-01,Confraternização Universal
133,2012-02-20,Carnaval
134,2012-02-21,Carnaval
135,2012-04-06,Paixão de Cristo
136,2012-04-21,Tiradentes
137,2012-05-01,Dia do Trabalho
138,2012-06-07,Corpus Christi
139,2012-09-07,Independência do Brasil
140,2012-10-12,Nossa Sr.a Aparecida - Padroeira do Brasil
141,2012-11-02,Finados
142,2012-11-15,Proclamação da República
143,2012-12-25,Natal
144,2013-01-01,Confraternização Universal
145,2013-02-11,Carnaval
146,2013-02-12,Carnaval
147,2013-03-29,Paixão de Cristo
148,2013-04-21,Tiradentes
149,2013-05-01,Dia do Trabalho
150,2013-05-30,Corpus Christi
151,2013-09-07,Independência do Brasil
152,2013-10-12,Nossa Sr.a Aparecida - Padroeira do Brasil
153,2013-11-02,Finados
154,2013-11-15,Proclamação da República
155,2013-12-25,Natal
156,2014-01-01,Confraternização Universal
157,2014-03-03,Carnaval
158,2014-03-04,Carnaval
159,2014-04-18,Paixão de Cristo
160,2014-04-21,Tiradentes
161,2014-05-01,Dia do Trabalho
162,2014-06-19,Corpus Christi
163,2014-09-07,Independência do Brasil
164,2014-10-12,Nossa Sr.a Aparecida - Padroeira do Brasil
165,2014-11-02,Finados
166,2014-11-15,Proclamação da República
167,2014-12-25,Natal
168,2015-01-01,Confraternização Universal
169,2015-02-16,Carnaval
170,2015-02-17,Carnaval
171,2015-04-03,Paixão de Cristo
172,2015-04-21,Tiradentes
173,2015-05-01,Dia do Trabalho
174,2015-06-04,Corpus Christi
175,2015-09-07,Independência do Brasil
176,2015-10-12,Nossa Sr.a Aparecida - Padroeira do Brasil
177,2015-11-02,Finados
178,2015-11-15,Proclamação da República
179,2015-12-25,Natal
180,2016-01-01,Confraternização Universal
181,2016-02-08,Carnaval
182,2016-02-09,Carnaval
183,2016-03-25,Paixão de Cristo
184,2016-04-21,Tiradentes
185,2016-05-01,Dia do Trabalho
186,2016-05-26,Corpus Christi
187,2016-09-07,Independência do Brasil
188,2016-10-12,Nossa Sr.a Aparecida - Padroeira do Brasil
189,2016-11-02,Finados
190,2016-11-15,Proclamação da República
191,2016-12-25,Natal
192,2017-01-01,Confraternização Universal
193,2017-02-27,Carnaval
194,2017-02-28,Carnaval
195,2017-04-14,Paixão de Cristo
196,2017-04-21,Tiradentes
197,2017-05-01,Dia do Trabalho
198,2017-06-15,Corpus Christi
199,2017-09-07,Independência do Brasil
200,2017-10-12,Nossa Sr.a Aparecida - Padroeira do Brasil
201,2017-11-02,Finados
202,2017-11-15,Proclamação da República
203,2017-12-25,Natal
204,2018-01-01,Confraternização Universal
205,2018-02-12,Carnaval
206,2018-02-13,Carnaval
207,2018-03-30,Paixão de Cristo
208,2018-04-21,Tiradentes
209,2018-05-01,Dia do Trabalho
210,2018-05-31,Corpus Christi
211,2018-09-07,Independência do Brasil
212,2018-10-12,Nossa Sr.a Aparecida - Padroeira do Brasil
213,2018-11-02,Finados
214,2018-11-15,Proclamação da República
215,2018-12-25,Natal
216,2019-01-01,Confraternização Universal
217,2019-03-04,Carnaval
218,2019-03-05,Carnaval
219,2019-04-19,Paixão de Cristo
220,2019-04-21,Tiradentes
221,2019-05-01,Dia do Trabalho
222,2019-06-20,Corpus Christi
223,2019-09-07,Independência do Brasil
224,2019-10-12,Nossa Sr.a Aparecida - Padroeira do Brasil
225,2019-11-02,Finados
226,2019-11-15,Proclamação da República
227,2019-12-25,Natal
228,2020-01-01,Confraternização Universal
229,2020-02-24,Carnaval
230,2020-02-25,Carnaval
231,2020-04-10,Paixão de Cristo
232,2020-04-21,Tiradentes
233,2020-05-01,Dia do Trabalho
234,2020-06-11,Corpus Christi
235,2020-09-07,Independência do Brasil
236,2020-10-12,Nossa Sr.a Aparecida - Padroeira do Brasil
237,2020-11-02,Finados
238,2020-11-15,Proclamação da República
239,2020-12-25,Natal
240,2021-01-01,Confraternização Universal
241,2021-02-15,Carnaval
242,2021-02-16,Carnaval
243,2021-04-02,Paixão de Cristo
244,2021-04-21,Tiradentes
245,2021-05-01,Dia do Trabalho
246,2021-06-03,Corpus Christi
247,2021-09-07,Independência do Brasil
248,2021-10-12,Nossa Sr.a Aparecida - Padroeira do Brasil
249,2021-11-02,Finados
250,2021-11-15,Proclamação da República
251,2021-12-25,Natal
252,2022-01-01,Confraternização Universal
253,2022-02-28,Carnaval
254,2022-03-01,Carnaval
255,2022-04-15,Paixão de Cristo
256,2022-04-21,Tiradentes
257,2022-05-01,Dia do Trabalho
258,2022-06-16,Corpus Christi
259,2022-09-07,Independência do Brasil
260,2022-10-12,Nossa Sr.a Aparecida - Padroeira do Brasil
261,2022-11-02,Finados
262,2022-11-15,Proclamação da República
263,2022-12-25,Natal
264,2023-01-01,Confraternização Universal
265,2023-02-20,Carnaval
266,2023-02-21,Carnaval
267,2023-04-07,Paixão de Cristo
268,2023-04-21,Tiradentes
269,2023-05-01,Dia do Trabalho
270,2023-06-08,Corpus Christi
271,2023-09-07,Independência do Brasil
272,2023-10-12,Nossa Sr.a Aparecida - Padroeira do Brasil
273,2023-11-02,Finados
274,2023-11-15,Proclamação da República
275,2023-12-25,Natal
276,2024-01-01,Confraternização Universal
277,2024-02-12,Carnaval
278,2024-02-13,Carnaval
279,2024-03-29,Paixão de Cristo
280,2024-04-21,Tiradentes
281,2024-05-01,Dia do Trabalho
282,2024-05-30,Corpus Christi
283,2024-09-07,Independência do Brasil
284,2024-10-12,Nossa Sr.a Aparecida - Padroeira do Brasil
285,2024-11-02,Finados
286,2024-11-15,Proclamação da República
287,2024-12-25,Natal
288,2025-01-01,Confraternização Universal
289,2025-03-03,Carnaval
290,2025-03-04,Carnaval
291,2025-04-18,Paixão de Cristo
292,2025-04-21,Tiradentes
293,2025-05-01,Dia do Trabalho
294,2025-06-19,Corpus Christi
295,2025-09-07,Independência do Brasil
296,2025-10-12,Nossa Sr.a Aparecida - Padroeira do Brasil
297,2025-11-02,Finados
298,2025-11-15,Proclamação da República
299,2025-12-25,Natal
300,2026-01-01,Confraternização Universal
301,2026-02-16,Carnaval
302,2026-02-17,Carnaval
303,2026-04-03,Paixão de Cristo
304,2026-04-21,Tiradentes
305,2026-05-01,Dia do Trabalho
306,2026-06-04,Corpus Christi
307,2026-09-07,Independência do Brasil
308,2026-10-12,Nossa Sr.a Aparecida - Padroeira do Brasil
309,2026-11-02,Finados
310,2026-11-15,Proclamação da República
311,2026-12-25,Natal
312,2027-01-01,Confraternização Universal
313,2027-02-08,Carnaval
314,2027-02-09,Carnaval
315,2027-03-26,Paixão de Cristo
316,2027-04-21,Tiradentes
317,2027-05-01,Dia do Trabalho
318,2027-05-27,Corpus Christi
319,2027-09-07,Independência do Brasil
320,2027-10-12,Nossa Sr.a Aparecida - Padroeira do Brasil
321,2027-11-02,Finados
322,2027-11-15,Proclamação da República
323,2027-12-25,Natal
324,2028-01-01,Confraternização Universal
325,2028-02-28,Carnaval
326,2028-02-29,Carnaval
327,2028-04-14,Paixão de Cristo
328,2028-04-21,Tiradentes
329,2028-05-01,Dia do Trabalho
330,2028-06-15,Corpus Christi
331,2028-09-07,Independência do Brasil
332,2028-10-12,Nossa Sr.a Aparecida - Padroeira do Brasil
333,2028-11-02,Finados
334,2028-11-15,Proclamação da República
335,2028-12-25,Natal
336,2029-01-01,Confraternização Universal
337,2029-02-12,Carnaval
338,2029-02-13,Carnaval
339,2029-03-30,Paixão de Cristo
340,2029-04-21,Tiradentes
341,2029-05-01,Dia do Trabalho
342,2029-05-31,Corpus Christi
343,2029-09-07,Independência do Brasil
344,2029-10-12,Nossa Sr.a Aparecida - Padroeira do Brasil
345,2029-11-02,Finados
346,2029-11-15,Proclamação da República
347,2029-12-25,Natal
348,2030-01-01,Confraternização Universal
349,2030-03-04,Carnaval
350,2030-03-05,Carnaval
351,2030-04-19,Paixão de Cristo
352,2030-04-21,Tiradentes
353,2030-05-01,Dia do Trabalho
354,2030-06-20,Corpus Christi
355,2030-09-07,Independência do Brasil
356,2030-10-12,Nossa Sr.a Aparecida - Padroeira do Brasil
357,2030-11-02,Finados
358,2030-11-15,Proclamação da República
359,2030-12-25,Natal
360,2031-01-01,Confraternização Universal
361,2031-02-24,Carnaval
362,2031-02-25,Carnaval
363,2031-04-11,Paixão de Cristo
364,2031-04-21,Tiradentes
365,2031-05-01,Dia do Trabalho
366,2031-06-12,Corpus Christi
367,2031-09-07,Independência do Brasil
368,2031-10-12,Nossa Sr.a Aparecida - Padroeira do Brasil
369,2031-11-02,Finados
370,2031-11-15,Proclamação da República
371,2031-12-25,Natal
372,2032-01-01,Confraternização Universal
373,2032-02-09,Carnaval
374,2032-02-10,Carnaval
375,2032-03-26,Paixão de Cristo
376,2032-04-21,Tiradentes
377,2032-05-01,Dia do Trabalho
378,2032-05-27,Corpus Christi
379,2032-09-07,Independência do Brasil
380,2032-10-12,Nossa Sr.a Aparecida - Padroeira do Brasil
381,2032-11-02,Finados
382,2032-11-15,Proclamação da República
383,2032-12-25,Natal
384,2033-01-01,Confraternização Universal
385,2033-02-28,Carnaval
386,2033-03-01,Carnaval
387,2033-04-15,Paixão de Cristo
388,2033-04-21,Tiradentes
389,2033-05-01,Dia do Trabalho
390,2033-06-16,Corpus Christi
391,2033-09-07,Independência do Brasil
392,2033-10-12,Nossa Sr.a Aparecida - Padroeira do Brasil
393,2033-11-02,Finados
394,2033-11-15,Proclamação da República
395,2033-12-25,Natal
396,2034-01-01,Confraternização Universal
397,2034-02-20,Carnaval
398,2034-02-21,Carnaval
399,2034-04-07,Paixão de Cristo
400,2034-04-21,Tiradentes
401,2034-05-01,Dia do Trabalho
402,2034-06-08,Corpus Christi
403,2034-09-07,Independência do Brasil
404,2034-10-12,Nossa Sr.a Aparecida - Padroeira do Brasil
405,2034-11-02,Finados
406,2034-11-15,Proclamação da República
407,2034-12-25,Natal
408,2035-01-01,Confraternização Universal
409,2035-02-05,Carnaval
410,2035-02-06,Carnaval
411,2035-03-23,Paixão de Cristo
412,2035-04-21,Tiradentes
413,2035-05-01,Dia do Trabalho
414,2035-05-24,Corpus Christi
415,2035-09-07,Independência do Brasil
416,2035-10-12,Nossa Sr.a Aparecida - Padroeira do Brasil
417,2035-11-02,Finados
418,2035-11-15,Proclamação da República
419,2035-12-25,Natal
420,2036-01-01,Confraternização Universal
421,2036-02-25,Carnaval
422,2036-02-26,Carnaval
423,2036-04-11,Paixão de Cristo
424,2036-04-21,Tiradentes
425,2036-05-01,Dia do Trabalho
426,2036-06-12,Corpus Christi
427,2036-09-07,Independência do Brasil
428,2036-10-12,Nossa Sr.a Aparecida - Padroeira do Brasil
429,2036-11-02,Finados
430,2036-11-15,Proclamação da República
431,2036-12-25,Natal
432,2037-01-01,Confraternização Universal
433,2037-02-16,Carnaval
434,2037-02-17,Carnaval
435,2037-04-03,Paixão de Cristo
436,2037-04-21,Tiradentes
437,2037-05-01,Dia do Trabalho
438,2037-06-04,Corpus Christi
439,2037-09-07,Independência do Brasil
440,2037-10-12,Nossa Sr.a Aparecida - Padroeira do Brasil
441,2037-11-02,Finados
442,2037-11-15,Proclamação da República
443,2037-12-25,Natal
444,2038-01-01,Confraternização Universal
445,2038-03-08,Carnaval
446,2038-03-09,Carnaval
447,2038-04-21,Tiradentes
448,2038-04-23,Paixão de Cristo
449,2038-05-01,Dia do Trabalho
450,2038-06-24,Corpus Christi
451,2038-09-07,Independência do Brasil
452,2038-10-12,Nossa Sr.a Aparecida - Padroeira do Brasil
453,2038-11-02,Finados
454,2038-11-15,Proclamação da República
455,2038-12-25,Natal
456,2039-01-01,Confraternização Universal
457,2039-02-21,Carnaval
458,2039-02-22,Carnaval
459,2039-04-08,Paixão de Cristo
460,2039-04-21,Tiradentes
461,2039-05-01,Dia do Trabalho
462,2039-06-09,Corpus Christi
463,2039-09-07,Independência do Brasil
464,2039-10-12,Nossa Sr.a Aparecida - Padroeira do Brasil
465,2039-11-02,Finados
466,2039-11-15,Proclamação da República
467,2039-12-25,Natal
468,2040-01-01,Confraternização Universal
469,2040-02-13,Carnaval
470,2040-02-14,Carnaval
471,2040-03-30,Paixão de Cristo
472,2040-04-21,Tiradentes
473,2040-05-01,Dia do Trabalho
474,2040-05-31,Corpus Christi
475,2040-09-07,Independência do Brasil
476,2040-10-12,Nossa Sr.a Aparecida - Padroeira do Brasil
477,2040-11-02,Finados
478,2040-11-15,Proclamação da República
479,2040-12-25,Natal
480,2041-01-01,Confraternização Universal
481,2041-03-04,Carnaval
482,2041-03-05,Carnaval
483,2041-04-19,Paixão de Cristo
484,2041-04-21,Tiradentes
485,2041-05-01,Dia do Trabalho
486,2041-06-20,Corpus Christi
487,2041-09-07,Independência do Brasil
488,2041-10-12,Nossa Sr.a Aparecida - Padroeira do Brasil
489,2041-11-02,Finados
490,2041-11-15,Proclamação da República
491,2041-12-25,Natal
492,2042-01-01,Confraternização Universal
493,2042-02-17,Carnaval
494,2042-02-18,Carnaval
495,2042-04-04,Paixão de Cristo
496,2042-04-21,Tiradentes
497,2042-05-01,Dia do Trabalho
498,2042-06-05,Corpus Christi
499,2042-09-07,Independência do Brasil
500,2042-10-12,Nossa Sr.a Aparecida - Padroeira do Brasil
501,2042-11-02,Finados
502,2042-11-15,Proclamação da República
503,2042-12-25,Natal
504,2043-01-01,Confraternização Universal
505,2043-02-09,Carnaval
506,2043-02-10,Carnaval
507,2043-03-27,Paixão de Cristo
508,2043-04-21,Tiradentes
509,2043-05-01,Dia do Trabalho
510,2043-05-28,Corpus Christi
511,2043-09-07,Independência do Brasil
512,2043-10-12,Nossa Sr.a Aparecida - Padroeira do Brasil
513,2043-11-02,Finados
514,2043-11-15,Proclamação da República
515,2043-12-25,Natal
516,2044-01-01,Confraternização Universal
517,2044-02-29,Carnaval
518,2044-03-01,Carnaval
519,2044-04-15,Paixão de Cristo
520,2044-04-21,Tiradentes
521,2044-05-01,Dia do Trabalho
522,2044-06-16,Corpus Christi
523,2044-09-07,Independência do Brasil
524,2044-10-12,Nossa Sr.a Aparecida - Padroeira do Brasil
525,2044-11-02,Finados
526,2044-11-15,Proclamação da República
527,2044-12-25,Natal
528,2045-01-01,Confraternização Universal
529,2045-02-20,Carnaval
530,2045-02-21,Carnaval
531,2045-04-07,Paixão de Cristo
532,2045-04-21,Tiradentes
533,2045-05-01,Dia do Trabalho
534,2045-06-08,Corpus Christi
535,2045-09-07,Independência do Brasil
536,2045-10-12,Nossa Sr.a Aparecida - Padroeira do Brasil
537,2045-11-02,Finados
538,2045-11-15,Proclamação da República
539,2045-12-25,Natal
540,2046-01-01,Confraternização Universal
541,2046-02-05,Carnaval
542,2046-02-06,Carnaval
543,2046-03-23,Paixão de Cristo
544,2046-04-21,Tiradentes
545,2046-05-01,Dia do Trabalho
546,2046-05-24,Corpus Christi
547,2046-09-07,Independência do Brasil
548,2046-10-12,Nossa Sr.a Aparecida - Padroeira do Brasil
549,2046-11-02,Finados
550,2046-11-15,Proclamação da República
551,2046-12-25,Natal
552,2047-01-01,Confraternização Universal
553,2047-02-25,Carnaval
554,2047-02-26,Carnaval
555,2047-04-12,Paixão de Cristo
556,2047-04-21,Tiradentes
557,2047-05-01,Dia do Trabalho
558,2047-06-13,Corpus Christi
559,2047-09-07,Independência do Brasil
560,2047-10-12,Nossa Sr.a Aparecida - Padroeira do Brasil
561,2047-11-02,Finados
562,2047-11-15,Proclamação da República
563,2047-12-25,Natal
564,2048-01-01,Confraternização Universal
565,2048-02-17,Carnaval
566,2048-02-18,Carnaval
567,2048-04-03,Paixão de Cristo
568,2048-04-21,Tiradentes
569,2048-05-01,Dia do Trabalho
570,2048-06-04,Corpus Christi
571,2048-09-07,Independência do Brasil
572,2048-10-12,Nossa Sr.a Aparecida - Padroeira do Brasil
573,2048-11-02,Finados
574,2048-11-15,Proclamação da República
575,2048-12-25,Natal
576,2049-01-01,Confraternização Universal
577,2049-03-01,Carnaval
578,2049-03-02,Carnaval
579,2049-04-16,Paixão de Cristo
580,2049-04-21,Tiradentes
581,2049-05-01,Dia do Trabalho
582,2049-06-17,Corpus Christi
583,2049-09-07,Independência do Brasil
584,2049-10-12,Nossa Sr.a Aparecida - Padroeira do Brasil
585,2049-11-02,Finados
586,2049-11-15,Proclamação da República
587,2049-12-25,Natal
588,2050-01-01,Confraternização Universal
589,2050-02-21,Carnaval
590,2050-02-22,Carnaval
591,2050-04-08,Paixão de Cristo
592,2050-04-21,Tiradentes
593,2050-05-01,Dia do Trabalho
594,2050-06-09,Corpus Christi
595,2050-09-07,Independência do Brasil
596,2050-10-12,Nossa Sr.a Aparecida - Padroeira do Brasil
597,2050-11-02,Finados
598,2050-11-15,Proclamação da República
599,2050-12-25,Natal
600,2051-01-01,Confraternização Universal
601,2051-02-13,Carnaval
602,2051-02-14,Carnaval
603,2051-03-31,Paixão de Cristo
604,2051-04-21,Tiradentes
605,2051-05-01,Dia do Trabalho
606,2051-06-01,Corpus Christi
607,2051-09-07,Independência do Brasil
608,2051-10-12,Nossa Sr.a Aparecida - Padroeira do Brasil
609,2051-11-02,Finados
610,2051-11-15,Proclamação da República
611,2051-12-25,Natal
612,2052-01-01,Confraternização Universal
613,2052-03-04,Carnaval
614,2052-03-05,Carnaval
615,2052-04-19,Paixão de Cristo
616,2052-04-21,Tiradentes
617,2052-05-01,Dia do Trabalho
618,2052-06-20,Corpus Christi
619,2052-09-07,Independência do Brasil
620,2052-10-12,Nossa Sr.a Aparecida - Padroeira do Brasil
621,2052-11-02,Finados
622,2052-11-15,Proclamação da República
623,2052-12-25,Natal
624,2053-01-01,Confraternização Universal
625,2053-02-17,Carnaval
626,2053-02-18,Carnaval
627,2053-04-04,Paixão de Cristo
628,2053-04-21,Tiradentes
629,2053-05-01,Dia do Trabalho
630,2053-06-05,Corpus Christi
631,2053-09-07,Independência do Brasil
632,2053-10-12,Nossa Sr.a Aparecida - Padroeira do Brasil
633,2053-11-02,Finados
634,2053-11-15,Proclamação da República
635,2053-12-25,Natal
636,2054-01-01,Confraternização Universal
637,2054-02-09,Carnaval
638,2054-02-10,Carnaval
639,2054-03-27,Paixão de Cristo
640,2054-04-21,Tiradentes
641,2054-05-01,Dia do Trabalho
642,2054-05-28,Corpus Christi
643,2054-09-07,Independência do Brasil
644,2054-10-12,Nossa Sr.a Aparecida - Padroeira do Brasil
645,2054-11-02,Finados
646,2054-11-15,Proclamação da República
647,2054-12-25,Natal
648,2055-01-01,Confraternização Universal
649,2055-03-01,Carnaval
650,2055-03-02,Carnaval
651,2055-04-16,Paixão de Cristo
652,2055-04-21,Tiradentes
653,2055-05-01,Dia do Trabalho
654,2055-06-17,Corpus Christi
655,2055-09-07,Independência do Brasil
656,2055-10-12,Nossa Sr.a Aparecida - Padroeira do Brasil
657,2055-11-02,Finados
658,2055-11-15,Proclamação da República
659,2055-12-25,Natal
660,2056-01-01,Confraternização Universal
661,2056-02-14,Carnaval
662,2056-02-15,Carnaval
663,2056-03-31,Paixão de Cristo
664,2056-04-21,Tiradentes
665,2056-05-01,Dia do Trabalho
666,2056-06-01,Corpus Christi
667,2056-09-07,Independência do Brasil
668,2056-10-12,Nossa Sr.a Aparecida - Padroeira do Brasil
669,2056-11-02,Finados
670,2056-11-15,Proclamação da República
671,2056-12-25,Natal
672,2057-01-01,Confraternização Universal
673,2057-03-05,Carnaval
674,2057-03-06,Carnaval
675,2057-04-20,Paixão de Cristo
676,2057-04-21,Tiradentes
677,2057-05-01,Dia do Trabalho
678,2057-06-21,Corpus Christi
679,2057-09-07,Independência do Brasil
680,2057-10-12,Nossa Sr.a Aparecida - Padroeira do Brasil
681,2057-11-02,Finados
682,2057-11-15,Proclamação da República
683,2057-12-25,Natal
684,2058-01-01,Confraternização Universal
685,2058-02-25,Carnaval
686,2058-02-26,Carnaval
687,2058-04-12,Paixão de Cristo
688,2058-04-21,Tiradentes
689,2058-05-01,Dia do Trabalho
690,2058-06-13,Corpus Christi
691,2058-09-07,Independência do Brasil
692,2058-10-12,Nossa Sr.a Aparecida - Padroeira do Brasil
693,2058-11-02,Finados
694,2058-11-15,Proclamação da República
695,2058-12-25,Natal
696,2059-01-01,Confraternização Universal
697,2059-02-10,Carnaval
698,2059-02-11,Carnaval
699,2059-03-28,Paixão de Cristo
700,2059-04-21,Tiradentes
701,2059-05-01,Dia do Trabalho
702,2059-05-29,Corpus Christi
703,2059-09-07,Independência do Brasil
704,2059-10-12,Nossa Sr.a Aparecida - Padroeira do Brasil
705,2059-11-02,Finados
706,2059-11-15,Proclamação da República
707,2059-12-25,Natal
708,2060-01-01,Confraternização Universal
709,2060-03-01,Carnaval
710,2060-03-02,Carnaval
711,2060-04-16,Paixão de Cristo
712,2060-04-21,Tiradentes
713,2060-05-01,Dia do Trabalho
714,2060-06-17,Corpus Christi
715,2060-09-07,Independência do Brasil
716,2060-10-12,Nossa Sr.a Aparecida - Padroeira do Brasil
717,2060-11-02,Finados
718,2060-11-15,Proclamação da República
719,2060-12-25,Natal
720,2061-01-01,Confraternização Universal
721,2061-02-21,Carnaval
722,2061-02-22,Carnaval
723,2061-04-08,Paixão de Cristo
724,2061-04-21,Tiradentes
725,2061-05-01,Dia do Trabalho
726,2061-06-09,Corpus Christi
727,2061-09-07,Independência do Brasil
728,2061-10-12,Nossa Sr.a Aparecida - Padroeira do Brasil
729,2061-11-02,Finados
730,2061-11-15,Proclamação da República
731,2061-12-25,Natal
732,2062-01-01,Confraternização Universal
733,2062-02-06,Carnaval
734,2062-02-07,Carnaval
735,2062-03-24,Paixão de Cristo
736,2062-04-21,Tiradentes
737,2062-05-01,Dia do Trabalho
738,2062-05-25,Corpus Christi
739,2062-09-07,Independência do Brasil
740,2062-10-12,Nossa Sr.a Aparecida - Padroeira do Brasil
741,2062-11-02,Finados
742,2062-11-15,Proclamação da República
743,2062-12-25,Natal
744,2063-01-01,Confraternização Universal
745,2063-02-26,Carnaval
746,2063-02-27,Carnaval
747,2063-04-13,Paixão de Cristo
748,2063-04-21,Tiradentes
749,2063-05-01,Dia do Trabalho
750,2063-06-14,Corpus Christi
751,2063-09-07,Independência do Brasil
752,2063-10-12,Nossa Sr.a Aparecida - Padroeira do Brasil
753,2063-11-02,Finados
754,2063-11-15,Proclamação da República
755,2063-12-25,Natal
756,2064-01-01,Confraternização Universal
757,2064-02-18,Carnaval
758,2064-02-19,Carnaval
759,2064-04-04,Paixão de Cristo
760,2064-04-21,Tiradentes
761,2064-05-01,Dia do Trabalho
762,2064-06-05,Corpus Christi
763,2064-09-07,Independência do Brasil
764,2064-10-12,Nossa Sr.a Aparecida - Padroeira do Brasil
765,2064-11-02,Finados
766,2064-11-15,Proclamação da República
767,2064-12-25,Natal
768,2065-01-01,Confraternização Universal
769,2065-02-09,Carnaval
770,2065-02-10,Carnaval
771,2065-03-27,Paixão de Cristo
772,2065-04-21,Tiradentes
773,2065-05-01,Dia do Trabalho
774,2065-05-28,Corpus Christi
775,2065-09-07,Independência do Brasil
776,2065-10-12,Nossa Sr.a Aparecida - Padroeira do Brasil
777,2065-11-02,Finados
778,2065-11-15,Proclamação da República
779,2065-12-25,Natal
780,2066-01-01,Confraternização Universal
781,2066-02-22,Carnaval
782,2066-02-23,Carnaval
783,2066-04-09,Paixão de Cristo
784,2066-04-21,Tiradentes
785,2066-05-01,Dia do Trabalho
786,2066-06-10,Corpus Christi
787,2066-09-07,Independência do Brasil
788,2066-10-12,Nossa Sr.a Aparecida - Padroeira do Brasil
789,2066-11-02,Finados
790,2066-11-15,Proclamação da República
791,2066-12-25,Natal
792,2067-01-01,Confraternização Universal
793,2067-02-14,Carnaval
794,2067-02-15,Carnaval
795,2067-04-01,Paixão de Cristo
796,2067-04-21,Tiradentes
797,2067-05-01,Dia do Trabalho
798,2067-06-02,Corpus Christi
799,2067-09-07,Independência do Brasil
800,2067-10-12,Nossa Sr.a Aparecida - Padroeira do Brasil
801,2067-11-02,Finados
802,2067-11-15,Proclamação da República
803,2067-12-25,Natal
804,2068-01-01,Confraternização Universal
805,2068-03-05,Carnaval
806,2068-03-06,Carnaval
807,2068-04-20,Paixão de Cristo
808,2068-04-21,Tiradentes
809,2068-05-01,Dia do Trabalho
810,2068-06-21,Corpus Christi
811,2068-09-07,Independência do Brasil
812,2068-10-12,Nossa Sr.a Aparecida - Padroeira do Brasil
813,2068-11-02,Finados
814,2068-11-15,Proclamação da República
815,2068-12-25,Natal
816,2069-01-01,Confraternização Universal
817,2069-02-25,Carnaval
818,2069-02-26,Carnaval
819,2069-04-12,Paixão de Cristo
820,2069-04-21,Tiradentes
821,2069-05-01,Dia do Trabalho
822,2069-06-13,Corpus Christi
823,2069-09-07,Independência do Brasil
824,2069-10-12,Nossa Sr.a Aparecida - Padroeira do Brasil
825,2069-11-02,Finados
826,2069-11-15,Proclamação da República
827,2069-12-25,Natal
828,2070-01-01,Confraternização Universal
829,2070-02-10,Carnaval
830,2070-02-11,Carnaval
831,2070-03-28,Paixão de Cristo
832,2070-04-21,Tiradentes
833,2070-05-01,Dia do Trabalho
834,2070-05-29,Corpus Christi
835,2070-09-07,Independência do Brasil
836,2070-10-12,Nossa Sr.a Aparecida - Padroeira do Brasil
837,2070-11-02,Finados
838,2070-11-15,Proclamação da República
839,2070-12-25,Natal
840,2071-01-01,Confraternização Universal
841,2071-03-02,Carnaval
842,2071-03-03,Carnaval
843,2071-04-17,Paixão de Cristo
844,2071-04-21,Tiradentes
845,2071-05-01,Dia do Trabalho
846,2071-06-18,Corpus Christi
847,2071-09-07,Independência do Brasil
848,2071-10-12,Nossa Sr.a Aparecida - Padroeira do Brasil
849,2071-11-02,Finados
850,2071-11-15,Proclamação da República
851,2071-12-25,Natal
852,2072-01-01,Confraternização Universal
853,2072-02-22,Carnaval
854,2072-02-23,Carnaval
855,2072-04-08,Paixão de Cristo
856,2072-04-21,Tiradentes
857,2072-05-01,Dia do Trabalho
858,2072-06-09,Corpus Christi
859,2072-09-07,Independência do Brasil
860,2072-10-12,Nossa Sr.a Aparecida - Padroeira do Brasil
861,2072-11-02,Finados
862,2072-11-15,Proclamação da República
863,2072-12-25,Natal
864,2073-01-01,Confraternização Universal
865,2073-02-06,Carnaval
866,2073-02-07,Carnaval
867,2073-03-24,Paixão de Cristo
868,2073-04-21,Tiradentes
869,2073-05-01,Dia do Trabalho
870,2073-05-25,Corpus Christi
871,2073-09-07,Independência do Brasil
872,2073-10-12,Nossa Sr.a Aparecida - Padroeira do Brasil
873,2073-11-02,Finados
874,2073-11-15,Proclamação da República
875,2073-12-25,Natal
876,2074-01-01,Confraternização Universal
877,2074-02-26,Carnaval
878,2074-02-27,Carnaval
879,2074-04-13,Paixão de Cristo
880,2074-04-21,Tiradentes
881,2074-05-01,Dia do Trabalho
882,2074-06-14,Corpus Christi
883,2074-09-07,Independência do Brasil
884,2074-10-12,Nossa Sr.a Aparecida - Padroeira do Brasil
885,2074-11-02,Finados
886,2074-11-15,Proclamação da República
887,2074-12-25,Natal
888,2075-01-01,Confraternização Universal
889,2075-02-18,Carnaval
890,2075-02-19,Carnaval
891,2075-04-05,Paixão de Cristo
892,2075-04-21,Tiradentes
893,2075-05-01,Dia do Trabalho
894,2075-06-06,Corpus Christi
895,2075-09-07,Independência do Brasil
896,2075-10-12,Nossa Sr.a Aparecida - Padroeira do Brasil
897,2075-11-02,Finados
898,2075-11-15,Proclamação da República
899,2075-12-25,Natal
900,2076-01-01,Confraternização Universal
901,2076-03-02,Carnaval
902,2076-03-03,Carnaval
903,2076-04-17,Paixão de Cristo
904,2076-04-21,Tiradentes
905,2076-05-01,Dia do Trabalho
906,2076-06-18,Corpus Christi
907,2076-09-07,Independência do Brasil
908,2076-10-12,Nossa Sr.a Aparecida - Padroeira do Brasil
909,2076-11-02,Finados
910,2076-11-15,Proclamação da República
911,2076-12-25,Natal
912,2077-01-01,Confraternização Universal
913,2077-02-22,Carnaval
914,2077-02-23,Carnaval
915,2077-04-09,Paixão de Cristo
916,2077-04-21,Tiradentes
917,2077-05-01,Dia do Trabalho
918,2077-06-10,Corpus Christi
919,2077-09-07,Independência do Brasil
920,2077-10-12,Nossa Sr.a Aparecida - Padroeira do Brasil
921,2077-11-02,Finados
922,2077-11-15,Proclamação da República
923,2077-12-25,Natal
924,2078-01-01,Confraternização Universal
925,2078-02-14,Carnaval
926,2078-02-15,Carnaval
927,2078-04-01,Paixão de Cristo
928,2078-04-21,Tiradentes
929,2078-05-01,Dia do Trabalho
930,2078-06-02,Corpus Christi
931,2078-09-07,Independência do Brasil
932,2078-10-12,Nossa Sr.a Aparecida - Padroeira do Brasil
933,2078-11-02,Finados
934,2078-11-15,Proclamação da República
935,2078-12-25,Natal
